Label,Type,CLO_id,CL_id,UBERON_id,BTO_id
Lymphoid_heart_1,CT,-,CL_0000542,UBERON_0015202,BTO_0000775
AML_blast,CT,-,CL_0000835,UBERON_0012429,BTO_0001545
fibroblast_of_dermis,CT,-,CL_0002620,UBERON_0002067,BTO_0004419
MDA-MB-231_TA1del,CL,-,CL_0002326,UBERON_0001911,BTO_0000815
MCF7_Invasive_ductal_breast_carcinoma_R5020,CL,CLO_0007606,CL_4033058,UBERON_0001911,BTO_0000093
A375 RTKi,CL,CLO_0001583,CLO_0001064,UBERON_0002097,BTO_0000525
HT1080_DDIT3,CL,-,CL_0000057,UBERON_0002384,BTO_0001282
Fibroblast - Periodontal Ligament donor4 (PL29),CT,-,CL_2000017,UBERON_0008266,BTO_0005599
J4_Mantle cell lymphoma tissue_DMSO,CL,-,CLO_0001064,UBERON_0010420,BTO_0004472
KESY-150,CL,CLO_0007129,CL_0002221,UBERON_0006920,BTO_0002427
MNNG-HOS,CL,CLO_0029483,CL_0001035,UBERON_0002481,BTO_0000407
NCI-H838_lung_adenocarcinoma,CL,CLO_0008121,CL_0000082,UBERON_0002048,BTO_0005779
CD4_Memo,CT,-,CL_0001204,-,-
H9_primed,CL,-,CL_0002322,UBERON_0000087,BTO_0001944
thymus adult pool1,A,-,-,UBERON_0002370,BTO_0001374
LNCaP_prostate_carcinoma_SHCTR_R1881,CL,CLO_0007365,CL_0002231,UBERON_0002367,BTO_0005049
ESCs_day0,CT,-,CL_0002322,UBERON_0000087,BTO_0001086
Endothelial_BCC,CT,-,CL_0000115,UBERON_0001003,BTO_0001854
1C3D3,CL,CLO_0001158,-,-,-
GM08714,CL,-,CL_0017006,UBERON_0000178,BTO_0002062
Breast Cancer Cell,CT,-,CL_0002327,UBERON_0001911,BTO_0004087
adrenal gland 30y,A,-,-,UBERON_0002369,BTO_0000047
AB32,CL,CLO_0001835,-,-,BTO_0002882
granulosa cell tumor cell line:KGN,CL,CLO_0022352,CL_0000501,UBERON_0001305,BTO_0005671
Pericytes_A,CT,-,CL_0000669,UBERON_0001982,BTO_0002441
GBM_4218_2,CL,-,CL_0000127,UBERON_0003961,BTO_0005949
Dnd41,CL,CLO_0030449,CL_0002420,UBERON_0012429,-
Liver,A,-,-,UBERON_0002107,BTO_0000759
GM19193_female_B-cells_Lymphoblastoid_Cell_Lines,CL,CLO_0027332,CL_0001200,UBERON_0000178,BTO_0002062
CD4p CD225int CD127p Tmem,CT,-,CL_0000904,-,-
PC3bone_mets_prostate_adenocarcinoma,CL,CLO_0008395,CL_0002231,UBERON_0002367,BTO_0001061
Ty-82,CL,CLO_0003752,CL_0001043,UBERON_0001744,BTO_0003903
Trophob_giant_placenta_2,CT,-,CL_0002488,UBERON_0001987,BTO_0005362
SKGT4,CL,CLO_0036448,CL_0002252,UBERON_0007650,-
Brain_Cerebellar_Hemisphere,A,-,-,UBERON_0002245,BTO_0000232
NEC,CL,-,-,-,-
Pancreatic_tumor_associated_fibroblasts_CW1_untreated,CT,-,CL_0000057,UBERON_0001264,BTO_0000452
Monocytes-CD14+ RO01746 Primary Cells,CT,-,CL_0001054,UBERON_0000178,BTO_0000876
EoL-1,CL,CLO_0002932,CL_0000833,UBERON_0000178,BTO_0002405
T_I,CL,CLO_0009935,CL_0000084,UBERON_2005182,-
MOLM14_DMSO_9,CL,-,CL_0000763,UBERON_0000178,BTO_0005720
H3122_untreated,CL,CLO_0037033,CL_0000082,UBERON_0002048,BTO_0003006
GM19141,CL,CLO_0025641,CL_0017006,UBERON_0010416,BTO_0002062
liver fetal pool1,A,-,-,UBERON_0002107,BTO_0000759
MCF-7_EtOH,CL,CLO_0007606,CL_0002326,UBERON_0001911,BTO_0000093
A549,CL,-,CL_0002063,UBERON_0004821,BTO_0000018
aortic-endothelial-cell,CT,-,CL_0002544,UBERON_0000947,BTO_0003245
GM12878 Lymphoblastoid Cells,CL,CLO_0022563,CL_0017006,UBERON_0000178,BTO_0006353
fibroblast_of_lung,CT,-,CL_0002553,UBERON_0002048,BTO_0000764
A2780cis,CL,-,CL_2000064,UBERON_0000992,BTO_0005766
CRC121_colorectal_cancer_metastatic_stem_cells,CL,-,CL_0000034,UBERON_0012652,-
LNCaP_prostate_carcinoma_R1881_HOTAIR,CL,CLO_0007365,CL_0002231,UBERON_0002367,BTO_0005049
NCI-H520,CL,-,CL_0000240,UBERON_0000115,BTO_0003014
GM19240,CL,-,CL_0017006,UBERON_0000178,BTO_0003335
acute myeloid leukemia (FAB M5) cell line:THP-1 (fresh),CL,CLO_0009348,CL_0000576,UBERON_0000178,BTO_0001370
Smooth Muscle Cells - Tracheal donor3,CT,-,CL_0000192,UBERON_0003126,BTO_0004576
NK T cell leukemia cell line:KHYG-1,CL,CLO_0007094,CL_0000623,UBERON_0012429,BTO_0006405
CLP_2_healthy,CT,-,CL_0000051,UBERON_0012429,BTO_0004731
NALM-6_adult_B_acute_lymphoblastic_leukemia,CL,-,CL_0017006,UBERON_0012429,BTO_0003288
Brain Mid Frontal Lobe,A,-,-,UBERON_0002702,BTO_0004834
Fibroblast_foreskin,CT,-,CL_1001608,UBERON_0001332,BTO_0002245
embryonic_kidney,A,-,-,UBERON_0007687,BTO_0002733
CD4_T_cells,CT,-,CL_0000492,UBERON_0001744,BTO_0002417
HUVEC Umbilical Vein Endothelial Primary Cells,CL,CLO_0004307,CL_0002618,UBERON_0002066,BTO_0001949
dendrite,CT,-,CL_0000540,UBERON_0001016,BTO_0000938
HMLE,CT,-,CL_0002326,UBERON_0001911,BTO_0002768
CMK,CL,CLO_0002526,CL_0000553,UBERON_0012429,BTO_0004960
Smooth Muscle Cells - Brain Vascular donor2,CT,-,CL_0000192,UBERON_0008998,BTO_0004578
retinal_pigment_epithelial_cells,CT,-,CL_0002586,UBERON_0001782,BTO_0004910
brain adult donor1,A,-,-,UBERON_0000955,BTO_0000142
chondrosarcoma,CT,-,CL_0000138,UBERON_0001994,BTO_0000250
HEL_Erythro_Leukemia,CL,CLO_0003679,CL_0000764,UBERON_0000178,BTO_0000565
fetal naive T cells,CT,-,CL_0000898,UBERON_0012168,BTO_0005871
T98G,CL,-,CL_0000127,UBERON_0000955,BTO_0001583
Sigmoid Colon,A,-,-,UBERON_0001159,BTO_0000645
umbilical cord-derived mesenchymal stem cells_old,CT,-,CL_0000134,UBERON_0002331,BTO_0003298
CD4+ CD25+ ab Treg (PB),CT,-,CL_0000792,UBERON_0000178,-
D341_8,CL,-,CL_0001063,UBERON_0002037,BTO_0001359
pancreas adult donor1,A,-,-,UBERON_0001264,BTO_0000988
Primary T cells effector/memory enriched (PB),CT,-,CL_00010628,UBERON_0000178,BTO_0003435
hMSC_DMI_HI,CT,-,CL_0002570,-,BTO_0004752
Neural stem cells donor1,CT,-,CL_0000047,UBERON_0001016,BTO_0002881
COLO 829,CL,-,CL_0000148,UBERON_0002097,BTO_0000849
AG04449,CL,CLO_0000437,CL_0002551,UBERON_0001003,BTO_0004419
CLB-GA-Dinaciclib_8h,CL,-,-,-,BTO_0004309
Pancreatic cancer cells derived from liver metastasis,CT,-,CL_0000083,UBERON_0002107,BTO_0002363
OS-LM1,CL,-,CLO_0001064,UBERON_0002481,BTO_0000407
H1 BMP4 Derived Trophoblast Cultured Cells,CL,CLO_0037280,CL_0000351,UBERON_0001987,BTO_0001581
RMS216,CL,-,CLO_0008017,UBERON_0001134,BTO_0002004
Human T Lymphoid Cell,CT,-,CL_0002419,UBERON_0001744,BTO_0000782
UCSD_Gastric,A,-,-,UBERON_0000945,BTO_0001307
Olfactory epithelial cells donor4,CT,-,CL_0002167,UBERON_0001997,BTO_0006225
Neutrophils donor3,CT,-,CL_0000775,UBERON_0000178,BTO_0000130
GBM26,CT,-,CLO_0001064,UBERON_0001869,BTO_0000527
SYO-1Biphasic_synovial_sarcoma,CL,-,CL_0000214,UBERON_0007616,BTO_0005617
Tracheal Epithelial Cells donor2,CT,-,CL_0000307,UBERON_0001901,BTO_0002927
Trabecular Meshwork Cells donor3,CT,-,CL_0002367,UBERON_0005969,BTO_0001413
U87MGglioblastoma,CL,CLO_0009464,CL_0000127,UBERON_0001017,BTO_0002036
Lateral temporal lobe_1T_AD,A,-,-,UBERON_0001871,BTO_0001355
AML_monocytes_and_acute_myeloid_leukemia,CT,-,CL_0000576,UBERON_0002371,BTO_0000187
