Label	Type	CLO	CL	UBERON	BTO
thymus adult pool1	A	-	-	1	1
adrenal gland 30y	A	-	-	1	1
Liver	A	-	-	1	1
Brain_Cerebellar_Hemisphere	A	-	-	1	4
liver fetal pool1	A	-	-	1	2
Brain Mid Frontal Lobe	A	-	-	1	2
embryonic_kidney	A	-	-	5	1
brain adult donor1	A	-	-	1	1
Sigmoid Colon	A	-	-	4	1
pancreas adult donor1	A	-	-	1	1
UCSD_Gastric	A	-	-	4	1
Lateral temporal lobe_1T_AD	A	-	-	4	1
MDA-MB-231_TA1del	CL	0	1	1	1
MCF7_Invasive_ductal_breast_carcinoma_R5020	CL	1	1	1	1
A375 RTKi	CL	2	2	5	0
HT1080_DDIT3	CL	0	2	1	4
J4_Mantle cell lymphoma tissue_DMSO	CL	0	3	4	1
KESY-150	CL	1	2	3	1
MNNG-HOS	CL	0	3	1	1
NCI-H838_lung_adenocarcinoma	CL	1	1	1	1
H9_primed	CL	0	0	0	1
LNCaP_prostate_carcinoma_SHCTR_R1881	CL	1	1	1	2
1C3D3	CL	0	0	0	0
GM08714	CL	0	2	4	1
AB32	CL	-	0	0	-
granulosa cell tumor cell line:KGN	CL	0	1	1	1
GBM_4218_2	CL	-	3	0	1
Dnd41	CL	0	2	1	-
GM19193_female_B-cells_Lymphoblastoid_Cell_Lines	CL	1	1	6	1
PC3bone_mets_prostate_adenocarcinoma	CL	1	1	9	1
Ty-82	CL	-	0	0	-
SKGT4	CL	-	2	1	-
NEC	CL	-	-	0	-
EoL-1	CL	2	1	6	4
T_I	CL	-	1	0	0
MOLM14_DMSO_9	CL	-	1	1	1
H3122_untreated	CL	1	1	2	-
GM19141	CL	4	2	5	1
MCF-7_EtOH	CL	2	1	1	1
A549	CL	0	1	1	2
GM12878 Lymphoblastoid Cells	CL	0	2	6	1
A2780cis	CL	0	1	1	-
CRC121_colorectal_cancer_metastatic_stem_cells	CL	-	1	1	-
LNCaP_prostate_carcinoma_R1881_HOTAIR	CL	1	1	4	3
NCI-H520	CL	0	1	1	6
GM19240	CL	0	2	6	1
acute myeloid leukemia (FAB M5) cell line:THP-1 (fresh)	CL	1	2	6	1
NK T cell leukemia cell line:KHYG-1	CL	-	1	1	-
NALM-6_adult_B_acute_lymphoblastic_leukemia	CL	0	2	1	1
HUVEC Umbilical Vein Endothelial Primary Cells	CL	3	1	1	1
CMK	CL	1	2	1	1
HEL_Erythro_Leukemia	CL	1	1	6	5
T98G	CL	0	8	1	1
D341_8	CL	0	0	1	-
COLO 829	CL	0	0	3	1
AG04449	CL	8	1	1	1
CLB-GA-Dinaciclib_8h	CL	-	0	0	-
OS-LM1	CL	-	-	0	-
H1 BMP4 Derived Trophoblast Cultured Cells	CL	1	1	1	1
RMS216	CL	-	1	2	0
SYO-1Biphasic_synovial_sarcoma	CL	-	1	0	-
87MGglioblastoma	CL	1	7	1	1
Lymphoid_heart_1	CT	-	1	3	2
AML_blast	CT	-	1	1	1
fibroblast_of_dermis	CT	-	1	1	5
Fibroblast - Periodontal Ligament donor4 (PL29)	CT	-	10	1	2
CD4_Memo	CT	-	1	0	0
ESCs_day0	CT	-	1	1	1
Endothelial_BCC	CT	-	3	6	1
Breast Cancer Cell	CT	-	1	1	2
Pericytes_A	CT	-	1	3	1
CD4p CD225int CD127p Tmem	CT	-	3	0	-
Trophob_giant_placenta_2	CT	-	1	1	1
Pancreatic_tumor_associated_fibroblasts_CW1_untreated	CT	-	1	1	3
Monocytes-CD14+ RO01746 Primary Cells	CT	-	1	6	1
aortic-endothelial-cell	CT	-	1	1	2
fibroblast_of_lung	CT	-	1	1	1
Smooth Muscle Cells - Tracheal donor3	CT	-	1	1	1
CLP_2_healthy	CT	-	1	1	1
Fibroblast_foreskin	CT	-	1	4	1
CD4_T_cells	CT	-	1	1	1
dendrite	CT	-	1	1	1
HMLE	CT	-	1	1	1
Smooth Muscle Cells - Brain Vascular donor2	CT	-	5	1	1
retinal_pigment_epithelial_cells	CT	-	1	1	1
chondrosarcoma	CT	-	3	1	1
fetal naive T cells	CT	-	2	4	1
umbilical cord-derived mesenchymal stem cells_old	CT	-	1	1	-
CD4+ CD25+ ab Treg (PB)	CT	-	1	6	-
Primary T cells effector/memory enriched (PB)	CT	-	1	6	-
hMSC_DMI_HI	CT	-	3	0	3
Neural stem cells donor1	CT	-	1	1	1
Pancreatic cancer cells derived from liver metastasis	CT	-	2	0	1
Human T Lymphoid Cell	CT	-	8	2	1
Olfactory epithelial cells donor4	CT	-	1	1	-
Neutrophils donor3	CT	-	1	6	3
GBM26	CT	-	3	1	1
Tracheal Epithelial Cells donor2	CT	-	1	1	-
Trabecular Meshwork Cells donor3	CT	-	1	1	-
AML_monocytes_and_acute_myeloid_leukemia	CT	-	2	1	3