Sample_ID,Label	,CLO,CL,UBERON,BTO,Type
S001,Lymphoid_heart_1,-,CL_0000542,UBERON_0000948,-,CT
S002,AML_blast,-,CL_0000763,UBERON_0000178,BTO_0001545,CT
S003,fibroblast_of_dermis,-,CL_0002551,UBERON_0002067,BTO_0004419,CT
S004,MDA-MB-231_TA1del,CLO_0007634,CL_0002327,UBERON_0000310,BTO_0000815,CL
S005,MCF7_Invasive_ductal_breast_carcinoma_R5020,CLO_0007606,CL_0002327,UBERON_0000310,BTO_0000093,CL
S006,A375 RTKi,CLO_0001582,CL_2000000,UBERON_0001003,BTO_0002806,CL
S007,HT1080_DDIT3,CLO_0004276,CL_0000066,UBERON_0002384,BTO_0001282,CL
S008,Fibroblast - Periodontal Ligament donor4 (PL29),-,CL_2000017,UBERON_0008266,-,CT
S009,J4_Mantle cell lymphoma tissue_DMSO,-,CL_0000236,UBERON_0000178,-,CL
S010,KESY-150,CLO_0007129,CL_0002252,UBERON_0001043,BTO_0002427,CL
S011,MNNG-HOS,CLO_0007813,CL_0001035,UBERON_0002481,BTO_0005416,CL
S012,NCI-H838_lung_adenocarcinoma,CLO_0008121,CL_0000082,UBERON_0002048,BTO_0003239,CL
S013,CD4_Memo,-,CL_0000897,UBERON_0002405,-,CT
S014,H9_primed,CLO_0003612,CL_0000084,UBERON_0000178,BTO_0001944,CL
S015,thymus adult pool1,-,CL_0002293,UBERON_0002370,BTO_0001374,A
S016,LNCaP_prostate_carcinoma_SHCTR_R1881,CLO_0007365,CL_0002231,UBERON_0002367,BTO_0001321,CL
S017,ESCs_day0,-,CL_0002322,UBERON_0000922,-,CT
S018,Endothelial_BCC,-,CL_0000115,UBERON_0001986,BTO_0001176,CT
S019,1C3D3,CLO_0050259,CL_0000083,UBERON_0001264,-,CL
S020,GM08714,CLO_0010422,CL_0000236,UBERON_0000178,-,CL
S021,Breast Cancer Cell,-,CL_0002327,UBERON_0000310,BTO_0000150,CT
S022,adrenal gland 30y,-,CL_0000150,UBERON_0002369,BTO_0000047,A
S023,AB32,-,CL_0002327,UBERON_0000310,-,CL
S024,granulosa cell tumor cell line:KGN,CLO_0051454,CL_0000501,UBERON_0000992,BTO_0005671,CL
S025,Pericytes_A,-,CL_0000669,UBERON_0002384,BTO_0002441,CT
S026,GBM_4218_2,-,CL_0000125,UBERON_0000955,BTO_0001530,CL
S027,Dnd41,CLO_0009834,CL_0000084,UBERON_0000178,-,CL
S028,Liver,-,CL_0000182,UBERON_0002107,BTO_0000759,A
S029,GM19193_female_B-cells_Lymphoblastoid_Cell_Lines,CLO_0027332,CL_0000236,UBERON_0000178,-,CL
S030,CD4p CD225int CD127p Tmem,-,CL_0000813,UBERON_0002405,-,CT
S031,PC3bone_mets_prostate_adenocarcinoma,CLO_0008395,CL_0002231,UBERON_0002367,BTO_0001061,CL
S032,Ty-82,-,CL_0002293,UBERON_0002370,-,CL
S033,Trophob_giant_placenta_2,-,CL_0002488,UBERON_0001987,BTO_0005362,CT
S034,SKGT4,-,CL_0002252,UBERON_0001043,-,CL
S035,Brain_Cerebellar_Hemisphere,-,CL_0002319,UBERON_0002245,-,A
S036,NEC,-,-,UBERON_0000922,-,CL
S037,Pancreatic_tumor_associated_fibroblasts_CW1_untreated,-,CL_0002410,UBERON_0001264,-,CT
S038,Monocytes-CD14+ RO01746 Primary Cells,-,CL_0001054,UBERON_0000178,BTO_0000876,CT
S039,EoL-1,CLO_0002932,CL_0000763,UBERON_0000178,BTO_0002405,CL
S040,T_I,-,CL_0000084,UBERON_0000178,BTO_0000782,CL
S041,MOLM14_DMSO_9,-,CL_0000763,UBERON_0000178,BTO_0005720,CL
S042,H3122_untreated,CLO_0037033,CL_0000082,UBERON_0002048,-,CL
S043,GM19141,CLO_0025641,CL_0000236,UBERON_0000178,-,CL
S044,liver fetal pool1,-,CL_0000182,UBERON_0002107,BTO_0000759,A
S045,MCF-7_EtOH,CLO_0007606,CL_0002327,UBERON_0000310,BTO_0000093,CL
S046,A549,CLO_0001601,CL_0000082,UBERON_0002048,BTO_0000018,CL
S047,aortic-endothelial-cell,-,CL_0002544,UBERON_0000947,BTO_0003245,CT
S048,GM12878 Lymphoblastoid Cells,CLO_0022851,CL_0000236,UBERON_0000178,BTO_0006353,CL
S049,fibroblast_of_lung,-,CL_0002553,UBERON_0002048,BTO_0000764,CT
S050,A2780cis,CLO_0001573,CL_0000066,UBERON_0000992,-,CL
S051,CRC121_colorectal_cancer_metastatic_stem_cells,-,CL_0000034,UBERON_0001155,-,CL
S052,LNCaP_prostate_carcinoma_R1881_HOTAIR,CLO_0007365,CL_0002231,UBERON_0002367,BTO_0001321,CL
S053,NCI-H520,CLO_0008093,CL_0000082,UBERON_0002048,BTO_0003014,CL
S054,GM19240,CLO_0027143,CL_0000236,UBERON_0000178,-,CL
S055,acute myeloid leukemia (FAB M5) cell line:THP-1 (fresh),CLO_0009348,CL_0000576,UBERON_0000178,BTO_0001370,CL
S056,Smooth Muscle Cells - Tracheal donor3,-,CL_0019019,UBERON_0003387,BTO_0004403,CT
S057,NK T cell leukemia cell line:KHYG-1,-,CL_0000623,UBERON_0000178,-,CL
S058,CLP_2_healthy,-,CL_0000051,UBERON_0002371,BTO_0004731,CT
S059,NALM-6_adult_B_acute_lymphoblastic_leukemia,CLO_0007938,CL_0000817,UBERON_0002371,BTO_0003288,CL
S060,Brain Mid Frontal Lobe,-,CL_0002319,UBERON_0002702,BTO_0004834,A
S061,Fibroblast_foreskin,-,CL_1001608,UBERON_0001332,BTO_0002245,CT
S062,embryonic_kidney,-,CL_1000497,UBERON_0000922,BTO_0002733,A
S063,CD4_T_cells,-,CL_0000492,UBERON_0002405,BTO_0002417,CT
S064,HUVEC Umbilical Vein Endothelial Primary Cells,CLO_0004307,CL_0002618,UBERON_0002331,BTO_0001949,CL
S065,dendrite,-,CL_0000451,UBERON_0002405,BTO_0002042,CT
S066,HMLE,-,CL_0002327,UBERON_0000310,BTO_0004300,CT
S067,CMK,CLO_0002526,CL_0000763,UBERON_0002371,BTO_0000978,CL
S068,Smooth Muscle Cells - Brain Vascular donor2,-,CL_0002590,UBERON_0008998,BTO_0004578,CT
S069,retinal_pigment_epithelial_cells,-,CL_0002586,UBERON_0000966,BTO_0004910,CT
S070,brain adult donor1,-,CL_0002319,UBERON_0000955,BTO_0000142,A
S071,chondrosarcoma,-,CL_0001035,UBERON_0002481,BTO_0000250,CT
S072,HEL_Erythro_Leukemia,CLO_0003679,CL_0000763,UBERON_0000178,BTO_0000565,CL
S073,fetal naive T cells,-,CL_0000898,UBERON_0002370,BTO_0005871,CT
S074,T98G,CLO_0009258,CL_0000057,UBERON_0000955,BTO_0001583,CL
S075,Sigmoid Colon,-,CL_0011108,UBERON_0001159,BTO_0000645,A
S076,umbilical cord-derived mesenchymal stem cells_old,-,CL_0000134,UBERON_0002331,-,CT
S077,CD4+ CD25+ ab Treg (PB),-,CL_0000792,UBERON_0000178,-,CT
S078,D341_8,CLO_0002677,CL_0002319,UBERON_0002037,-,CL
S079,pancreas adult donor1,-,-,UBERON_0001264,BTO_0000988,A
S080,Primary T cells effector/memory enriched (PB),-,CL_0000911,UBERON_0000178,-,CT
S081,hMSC_DMI_HI,-,CL_0000134,UBERON_0002371,BTO_0003298,CT
S082,Neural stem cells donor1,-,CL_0000047,UBERON_0001016,BTO_0002881,CT
S083,COLO 829,CLO_0002563,CL_0002620,UBERON_0001003,-,CL
S084,AG04449,CLO_0034837,CL_0002620,UBERON_0001003,-,CL
S085,CLB-GA-Dinaciclib_8h,-,CL_0000031,UBERON_0001016,-,CL
S086,Pancreatic cancer cells derived from liver metastasis,-,CL_0000083,UBERON_0001264,BTO_0000584,CT
S087,OS-LM1,-,-,UBERON_0002113,-,CL
S088,H1 BMP4 Derived Trophoblast Cultured Cells,-,CL_0000351,UBERON_0000088,-,CL
S089,RMS216,-,CL_0000737,UBERON_0002036,BTO_0001802,CL
S090,Human T Lymphoid Cell,-,CL_0000084,UBERON_0000178,BTO_0000782,CT
S091,UCSD_Gastric,-,CL_0002178,UBERON_0000945,BTO_0001307,A
S092,Olfactory epithelial cells donor4,-,CL_0002167,UBERON_0002268,-,CT
S093,Neutrophils donor3,-,CL_0000775,UBERON_0000178,BTO_0000130,CT
S094,GBM26,CLO_0003456,CL_0000125,UBERON_0000955,-,CT
S095,SYO-1Biphasic_synovial_sarcoma,-,CL_0000214,UBERON_0003668,-,CL
S096,Tracheal Epithelial Cells donor2,-,CL_0000307,UBERON_0003126,BTO_0001388,CT
S097,Trabecular Meshwork Cells donor3,-,CL_0002367,UBERON_0005969,-,CT
S098,U87MGglioblastoma,CLO_0009464,CL_0000127,UBERON_0000955,BTO_0002036,CL
S099,Lateral temporal lobe_1T_AD,-,CL_0002319,UBERON_0001871,BTO_0001355,A
S100,AML_monocytes_and_acute_myeloid_leukemia,-,CL_0000763,UBERON_0000178,BTO_0001545,CT
